{
    "$schema": "https://go.kicad.org/pcm/schemas/v1",
    "name": "Simple Libraries",
    "description": "User-friendly library package for beginners",
    "description_full": "Simple Libraries library pack is a collection of common electronic components libraries for the free and open-source KiCAD PCB design software. The goal of Circuit Breaker KiCAD Libraries is to provide a user-friendly library package  for beginners.",
    "identifier": "com.github.Sajitha-Aldeniya.KiCad-Simple-Libraries",
    "type": "library",
    "author": {
        "name": "Sajitha Aldeniya",
        "contact": {
            "web": "https://github.com/Sajitha-Aldeniya"
        }
    },
    "maintainer": {
        "name": "Sajitha Aldeniya",
        "contact": {
            "web": "https://github.com/Sajitha-Aldeniya/KiCad-Simple-Libraries"
        }
    },
    "license": "CC-BY-SA-4.0",
    "resources": {
        "GitHub": "https://github.com/Sajitha-Aldeniya/KiCad-Simple-Libraries"
    },
    "versions": [
        {
            "version": "0.5",
            "status": "development",
            "kicad_version": "7",
            "download_sha256": "fcff8020f497017db902540e9776949379cc96c30ff265f06ab83219735134ef",
            "download_size": 33405858,
            "download_url": "https://github.com/Sajitha-Aldeniya/KiCad-Simple-Libraries/releases/download/v0.5/kiCad_Simple_Libraries_v0.5.zip",
            "install_size": 168410755
        }
    ]
}